ad,marka,fiyat,indirimli_fiyat,indirim_orani,url,kategori,site,zaman
Nike Cosmic Runner Bej Unisex Koşu Ayakkabısı,InStreet,2799.0,2799.0,0.0,https://www.instreet.com.tr/urun/nike-nike-cosmic-runner-bej-unisex-kosu-ayakkabisi-102675452,Kadın Spor Ayakkabı,InStreet,2026-05-11T18:41:31
Puma FLYER RUNNER Beyaz Kadın Koşu Ayakkabısı,InStreet,3300.0,3300.0,0.0,https://www.instreet.com.tr/urun/puma-flyer-runner-beyaz-kadin-kosu-ayakkabisi-102236358,Kadın Spor Ayakkabı,InStreet,2026-05-11T18:41:31
Nike COURT BOROUGH LOW RECRAFT Beyaz Unisex Sneaker,InStreet,3499.0,3499.0,0.0,https://www.instreet.com.tr/urun/nike-court-borough-low-recraft-beyaz-unisex-sneaker-101792825,Kadın Spor Ayakkabı,InStreet,2026-05-11T18:41:31
Nike WMNS  INITIATOR Beyaz Kadın Sneaker,InStreet,4399.0,4399.0,0.0,https://www.instreet.com.tr/urun/nike-wmns-nike-initiator-beyaz-kadin-sneaker-101903292,Kadın Spor Ayakkabı,InStreet,2026-05-11T18:41:31
Vans Brooklyn LS Siyah Kadın Sneaker,InStreet,2999.0,2999.0,0.0,https://www.instreet.com.tr/urun/vans-brooklyn-ls-siyah-kadin-sneaker-102256723,Kadın Spor Ayakkabı,InStreet,2026-05-11T18:41:31
Nike AIR MONARCH IV Beyaz Erkek Sneaker,InStreet,4099.0,4099.0,0.0,https://www.instreet.com.tr/urun/nike-air-monarch-iv-beyaz-erkek-sneaker-100320223,Kadın Spor Ayakkabı,InStreet,2026-05-11T18:41:31
Nike COURT VISION LO NN Beyaz Erkek Sneaker,InStreet,4399.0,4399.0,0.0,https://www.instreet.com.tr/urun/nike-nike-court-vision-lo-nn-beyaz-erkek-sneaker-101118438,Kadın Spor Ayakkabı,InStreet,2026-05-11T18:41:31
adidas VL COURT BASE Beyaz Kadın Sneaker,InStreet,3299.0,3299.0,0.0,https://www.instreet.com.tr/urun/adidas-vl-court-base-beyaz-kadin-sneaker-101909425,Kadın Spor Ayakkabı,InStreet,2026-05-11T18:41:31
Nike Cosmic Runner Siyah Unisex Koşu Ayakkabısı,InStreet,2799.0,2799.0,0.0,https://www.instreet.com.tr/urun/nike-nike-cosmic-runner-siyah-unisex-kosu-ayakkabisi-102090821,Kadın Spor Ayakkabı,InStreet,2026-05-11T18:41:31
Nike WMNS  INITIATOR Bej Kadın Sneaker,InStreet,4399.0,4399.0,0.0,https://www.instreet.com.tr/urun/nike-wmns-nike-initiator-bej-kadin-sneaker-102237368,Kadın Spor Ayakkabı,InStreet,2026-05-11T18:41:31
Nike AIR MONARCH IV Beyaz Erkek Sneaker,InStreet,4099.0,4099.0,0.0,https://www.instreet.com.tr/urun/nike-air-monarch-iv-beyaz-erkek-sneaker-100343347,Kadın Spor Ayakkabı,InStreet,2026-05-11T18:41:31
Nike WMNS  INITIATOR Beyaz Kadın Sneaker,InStreet,4399.0,4399.0,0.0,https://www.instreet.com.tr/urun/nike-wmns-nike-initiator-beyaz-kadin-sneaker-102264697,Kadın Spor Ayakkabı,InStreet,2026-05-11T18:41:31
Nike COURT BOROUGH LOW RECRAFT Beyaz Unisex Sneaker,InStreet,3499.0,3499.0,0.0,https://www.instreet.com.tr/urun/nike-court-borough-low-recraft-beyaz-unisex-sneaker-101792764,Kadın Spor Ayakkabı,InStreet,2026-05-11T18:41:31
Nike WMNS  INITIATOR KIRIK BEYAZ Kadın Sneaker,InStreet,4399.0,4399.0,0.0,https://www.instreet.com.tr/urun/nike-wmns-nike-initiator-kirik-beyaz-kadin-sneaker-102688384,Kadın Spor Ayakkabı,InStreet,2026-05-11T18:41:31
Nike INITIATOR Beyaz Erkek Sneaker,InStreet,4399.0,4399.0,0.0,https://www.instreet.com.tr/urun/nike-nike-initiator-beyaz-erkek-sneaker-102237051,Kadın Spor Ayakkabı,InStreet,2026-05-11T18:41:31
Nike COURT VISION LO NN Beyaz Erkek Sneaker,InStreet,4399.0,4399.0,0.0,https://www.instreet.com.tr/urun/nike-nike-court-vision-lo-nn-beyaz-erkek-sneaker-101118394,Kadın Spor Ayakkabı,InStreet,2026-05-11T18:41:31
Puma 9-T Beyaz Kadın Sneaker,InStreet,3999.0,3999.0,0.0,https://www.instreet.com.tr/urun/puma-puma-9-t-beyaz-kadin-sneaker-102236353,Kadın Spor Ayakkabı,InStreet,2026-05-11T18:41:31
Nike V5 RNR Beyaz Erkek Sneaker,InStreet,4699.0,4699.0,0.0,https://www.instreet.com.tr/urun/nike-nike-v5-rnr-beyaz-erkek-sneaker-102688445,Kadın Spor Ayakkabı,InStreet,2026-05-11T18:41:31
Puma 9-T Beyaz Erkek Sneaker,InStreet,3999.0,3999.0,0.0,https://www.instreet.com.tr/urun/puma-puma-9-t-beyaz-erkek-sneaker-102236344,Kadın Spor Ayakkabı,InStreet,2026-05-11T18:41:31
Nike COURT BOROUGH LOW RECRAFT Beyaz Unisex Sneaker,InStreet,3499.0,3499.0,0.0,https://www.instreet.com.tr/urun/nike-court-borough-low-recraft-beyaz-unisex-sneaker-101853780,Kadın Spor Ayakkabı,InStreet,2026-05-11T18:41:31
Nike W  RUN DEFY Bej Kadın Koşu Ayakkabısı,InStreet,3299.0,3299.0,0.0,https://www.instreet.com.tr/urun/nike-w-nike-run-defy-bej-kadin-kosu-ayakkabisi-102265621,Kadın Spor Ayakkabı,InStreet,2026-05-11T18:41:31
Vans YT Atwood Siyah Kadın Sneaker,InStreet,2499.0,1799.0,28.0,https://www.instreet.com.tr/urun/vans-yt-atwood-siyah-kadin-sneaker-100787427,Kadın Spor Ayakkabı,InStreet,2026-05-11T18:41:31
Puma Smash v2 L Beyaz Erkek Sneaker,InStreet,3699.0,3699.0,0.0,https://www.instreet.com.tr/urun/puma-puma-smash-v2-l-beyaz-erkek-sneaker-100325849,Kadın Spor Ayakkabı,InStreet,2026-05-11T18:41:31
Nike RUN DEFY GRI Erkek Koşu Ayakkabısı,InStreet,3299.0,3299.0,0.0,https://www.instreet.com.tr/urun/nike-nike-run-defy-gri-erkek-kosu-ayakkabisi-102237301,Kadın Spor Ayakkabı,InStreet,2026-05-11T18:41:31
Nike W  V5 RNR Beyaz Kadın Sneaker,InStreet,4699.0,4699.0,0.0,https://www.instreet.com.tr/urun/nike-w-nike-v5-rnr-beyaz-kadin-sneaker-102237318,Kadın Spor Ayakkabı,InStreet,2026-05-11T18:41:31
Nike Cosmic Runner Bej Unisex Koşu Ayakkabısı,InStreet,2799.0,2799.0,0.0,https://www.instreet.com.tr/urun/nike-nike-cosmic-runner-bej-unisex-kosu-ayakkabisi-102675452,Kadın Spor Ayakkabı,InStreet,2026-05-11T18:41:31
Puma FLYER RUNNER Beyaz Kadın Koşu Ayakkabısı,InStreet,3300.0,3300.0,0.0,https://www.instreet.com.tr/urun/puma-flyer-runner-beyaz-kadin-kosu-ayakkabisi-102236358,Kadın Spor Ayakkabı,InStreet,2026-05-11T18:41:31
Nike COURT BOROUGH LOW RECRAFT Beyaz Unisex Sneaker,InStreet,3499.0,3499.0,0.0,https://www.instreet.com.tr/urun/nike-court-borough-low-recraft-beyaz-unisex-sneaker-101792825,Kadın Spor Ayakkabı,InStreet,2026-05-11T18:41:31
Nike WMNS  INITIATOR Beyaz Kadın Sneaker,InStreet,4399.0,4399.0,0.0,https://www.instreet.com.tr/urun/nike-wmns-nike-initiator-beyaz-kadin-sneaker-101903292,Kadın Spor Ayakkabı,InStreet,2026-05-11T18:41:31
Vans Brooklyn LS Siyah Kadın Sneaker,InStreet,2999.0,2999.0,0.0,https://www.instreet.com.tr/urun/vans-brooklyn-ls-siyah-kadin-sneaker-102256723,Kadın Spor Ayakkabı,InStreet,2026-05-11T18:41:31
Nike AIR MONARCH IV Beyaz Erkek Sneaker,InStreet,4099.0,4099.0,0.0,https://www.instreet.com.tr/urun/nike-air-monarch-iv-beyaz-erkek-sneaker-100320223,Kadın Spor Ayakkabı,InStreet,2026-05-11T18:41:31
Nike COURT VISION LO NN Beyaz Erkek Sneaker,InStreet,4399.0,4399.0,0.0,https://www.instreet.com.tr/urun/nike-nike-court-vision-lo-nn-beyaz-erkek-sneaker-101118438,Kadın Spor Ayakkabı,InStreet,2026-05-11T18:41:31
adidas VL COURT BASE Beyaz Kadın Sneaker,InStreet,3299.0,3299.0,0.0,https://www.instreet.com.tr/urun/adidas-vl-court-base-beyaz-kadin-sneaker-101909425,Kadın Spor Ayakkabı,InStreet,2026-05-11T18:41:31
Nike Cosmic Runner Siyah Unisex Koşu Ayakkabısı,InStreet,2799.0,2799.0,0.0,https://www.instreet.com.tr/urun/nike-nike-cosmic-runner-siyah-unisex-kosu-ayakkabisi-102090821,Kadın Spor Ayakkabı,InStreet,2026-05-11T18:41:31
Nike WMNS  INITIATOR Bej Kadın Sneaker,InStreet,4399.0,4399.0,0.0,https://www.instreet.com.tr/urun/nike-wmns-nike-initiator-bej-kadin-sneaker-102237368,Kadın Spor Ayakkabı,InStreet,2026-05-11T18:41:31
Nike AIR MONARCH IV Beyaz Erkek Sneaker,InStreet,4099.0,4099.0,0.0,https://www.instreet.com.tr/urun/nike-air-monarch-iv-beyaz-erkek-sneaker-100343347,Kadın Spor Ayakkabı,InStreet,2026-05-11T18:41:31
Nike WMNS  INITIATOR Beyaz Kadın Sneaker,InStreet,4399.0,4399.0,0.0,https://www.instreet.com.tr/urun/nike-wmns-nike-initiator-beyaz-kadin-sneaker-102264697,Kadın Spor Ayakkabı,InStreet,2026-05-11T18:41:31
Nike COURT BOROUGH LOW RECRAFT Beyaz Unisex Sneaker,InStreet,3499.0,3499.0,0.0,https://www.instreet.com.tr/urun/nike-court-borough-low-recraft-beyaz-unisex-sneaker-101792764,Kadın Spor Ayakkabı,InStreet,2026-05-11T18:41:31
Nike WMNS  INITIATOR KIRIK BEYAZ Kadın Sneaker,InStreet,4399.0,4399.0,0.0,https://www.instreet.com.tr/urun/nike-wmns-nike-initiator-kirik-beyaz-kadin-sneaker-102688384,Kadın Spor Ayakkabı,InStreet,2026-05-11T18:41:31
Nike INITIATOR Beyaz Erkek Sneaker,InStreet,4399.0,4399.0,0.0,https://www.instreet.com.tr/urun/nike-nike-initiator-beyaz-erkek-sneaker-102237051,Kadın Spor Ayakkabı,InStreet,2026-05-11T18:41:31
Nike COURT VISION LO NN Beyaz Erkek Sneaker,InStreet,4399.0,4399.0,0.0,https://www.instreet.com.tr/urun/nike-nike-court-vision-lo-nn-beyaz-erkek-sneaker-101118394,Kadın Spor Ayakkabı,InStreet,2026-05-11T18:41:31
Puma 9-T Beyaz Kadın Sneaker,InStreet,3999.0,3999.0,0.0,https://www.instreet.com.tr/urun/puma-puma-9-t-beyaz-kadin-sneaker-102236353,Kadın Spor Ayakkabı,InStreet,2026-05-11T18:41:31
Nike V5 RNR Beyaz Erkek Sneaker,InStreet,4699.0,4699.0,0.0,https://www.instreet.com.tr/urun/nike-nike-v5-rnr-beyaz-erkek-sneaker-102688445,Kadın Spor Ayakkabı,InStreet,2026-05-11T18:41:31
Puma 9-T Beyaz Erkek Sneaker,InStreet,3999.0,3999.0,0.0,https://www.instreet.com.tr/urun/puma-puma-9-t-beyaz-erkek-sneaker-102236344,Kadın Spor Ayakkabı,InStreet,2026-05-11T18:41:31
Nike COURT BOROUGH LOW RECRAFT Beyaz Unisex Sneaker,InStreet,3499.0,3499.0,0.0,https://www.instreet.com.tr/urun/nike-court-borough-low-recraft-beyaz-unisex-sneaker-101853780,Kadın Spor Ayakkabı,InStreet,2026-05-11T18:41:31
Nike W  RUN DEFY Bej Kadın Koşu Ayakkabısı,InStreet,3299.0,3299.0,0.0,https://www.instreet.com.tr/urun/nike-w-nike-run-defy-bej-kadin-kosu-ayakkabisi-102265621,Kadın Spor Ayakkabı,InStreet,2026-05-11T18:41:31
Vans YT Atwood Siyah Kadın Sneaker,InStreet,2499.0,1799.0,28.0,https://www.instreet.com.tr/urun/vans-yt-atwood-siyah-kadin-sneaker-100787427,Kadın Spor Ayakkabı,InStreet,2026-05-11T18:41:31
Puma Smash v2 L Beyaz Erkek Sneaker,InStreet,3699.0,3699.0,0.0,https://www.instreet.com.tr/urun/puma-puma-smash-v2-l-beyaz-erkek-sneaker-100325849,Kadın Spor Ayakkabı,InStreet,2026-05-11T18:41:31
Nike RUN DEFY GRI Erkek Koşu Ayakkabısı,InStreet,3299.0,3299.0,0.0,https://www.instreet.com.tr/urun/nike-nike-run-defy-gri-erkek-kosu-ayakkabisi-102237301,Kadın Spor Ayakkabı,InStreet,2026-05-11T18:41:31
Nike W  V5 RNR Beyaz Kadın Sneaker,InStreet,4699.0,4699.0,0.0,https://www.instreet.com.tr/urun/nike-w-nike-v5-rnr-beyaz-kadin-sneaker-102237318,Kadın Spor Ayakkabı,InStreet,2026-05-11T18:41:31
Nike Cosmic Runner Bej Unisex Koşu Ayakkabısı,InStreet,2799.0,2799.0,0.0,https://www.instreet.com.tr/urun/nike-nike-cosmic-runner-bej-unisex-kosu-ayakkabisi-102675452,Kadın Spor Ayakkabı,InStreet,2026-05-11T18:41:31
Puma FLYER RUNNER Beyaz Kadın Koşu Ayakkabısı,InStreet,3300.0,3300.0,0.0,https://www.instreet.com.tr/urun/puma-flyer-runner-beyaz-kadin-kosu-ayakkabisi-102236358,Kadın Spor Ayakkabı,InStreet,2026-05-11T18:41:31
Nike COURT BOROUGH LOW RECRAFT Beyaz Unisex Sneaker,InStreet,3499.0,3499.0,0.0,https://www.instreet.com.tr/urun/nike-court-borough-low-recraft-beyaz-unisex-sneaker-101792825,Kadın Spor Ayakkabı,InStreet,2026-05-11T18:41:31
Nike WMNS  INITIATOR Beyaz Kadın Sneaker,InStreet,4399.0,4399.0,0.0,https://www.instreet.com.tr/urun/nike-wmns-nike-initiator-beyaz-kadin-sneaker-101903292,Kadın Spor Ayakkabı,InStreet,2026-05-11T18:41:31
Vans Brooklyn LS Siyah Kadın Sneaker,InStreet,2999.0,2999.0,0.0,https://www.instreet.com.tr/urun/vans-brooklyn-ls-siyah-kadin-sneaker-102256723,Kadın Spor Ayakkabı,InStreet,2026-05-11T18:41:31
Nike AIR MONARCH IV Beyaz Erkek Sneaker,InStreet,4099.0,4099.0,0.0,https://www.instreet.com.tr/urun/nike-air-monarch-iv-beyaz-erkek-sneaker-100320223,Kadın Spor Ayakkabı,InStreet,2026-05-11T18:41:31
Nike COURT VISION LO NN Beyaz Erkek Sneaker,InStreet,4399.0,4399.0,0.0,https://www.instreet.com.tr/urun/nike-nike-court-vision-lo-nn-beyaz-erkek-sneaker-101118438,Kadın Spor Ayakkabı,InStreet,2026-05-11T18:41:31
adidas VL COURT BASE Beyaz Kadın Sneaker,InStreet,3299.0,3299.0,0.0,https://www.instreet.com.tr/urun/adidas-vl-court-base-beyaz-kadin-sneaker-101909425,Kadın Spor Ayakkabı,InStreet,2026-05-11T18:41:31
Nike Cosmic Runner Siyah Unisex Koşu Ayakkabısı,InStreet,2799.0,2799.0,0.0,https://www.instreet.com.tr/urun/nike-nike-cosmic-runner-siyah-unisex-kosu-ayakkabisi-102090821,Kadın Spor Ayakkabı,InStreet,2026-05-11T18:41:31
Nike WMNS  INITIATOR Bej Kadın Sneaker,InStreet,4399.0,4399.0,0.0,https://www.instreet.com.tr/urun/nike-wmns-nike-initiator-bej-kadin-sneaker-102237368,Kadın Spor Ayakkabı,InStreet,2026-05-11T18:41:31
Nike AIR MONARCH IV Beyaz Erkek Sneaker,InStreet,4099.0,4099.0,0.0,https://www.instreet.com.tr/urun/nike-air-monarch-iv-beyaz-erkek-sneaker-100343347,Kadın Spor Ayakkabı,InStreet,2026-05-11T18:41:31
Nike WMNS  INITIATOR Beyaz Kadın Sneaker,InStreet,4399.0,4399.0,0.0,https://www.instreet.com.tr/urun/nike-wmns-nike-initiator-beyaz-kadin-sneaker-102264697,Kadın Spor Ayakkabı,InStreet,2026-05-11T18:41:31
Nike COURT BOROUGH LOW RECRAFT Beyaz Unisex Sneaker,InStreet,3499.0,3499.0,0.0,https://www.instreet.com.tr/urun/nike-court-borough-low-recraft-beyaz-unisex-sneaker-101792764,Kadın Spor Ayakkabı,InStreet,2026-05-11T18:41:31
Nike WMNS  INITIATOR KIRIK BEYAZ Kadın Sneaker,InStreet,4399.0,4399.0,0.0,https://www.instreet.com.tr/urun/nike-wmns-nike-initiator-kirik-beyaz-kadin-sneaker-102688384,Kadın Spor Ayakkabı,InStreet,2026-05-11T18:41:31
Nike INITIATOR Beyaz Erkek Sneaker,InStreet,4399.0,4399.0,0.0,https://www.instreet.com.tr/urun/nike-nike-initiator-beyaz-erkek-sneaker-102237051,Kadın Spor Ayakkabı,InStreet,2026-05-11T18:41:31
Nike COURT VISION LO NN Beyaz Erkek Sneaker,InStreet,4399.0,4399.0,0.0,https://www.instreet.com.tr/urun/nike-nike-court-vision-lo-nn-beyaz-erkek-sneaker-101118394,Kadın Spor Ayakkabı,InStreet,2026-05-11T18:41:31
Puma 9-T Beyaz Kadın Sneaker,InStreet,3999.0,3999.0,0.0,https://www.instreet.com.tr/urun/puma-puma-9-t-beyaz-kadin-sneaker-102236353,Kadın Spor Ayakkabı,InStreet,2026-05-11T18:41:31
Nike V5 RNR Beyaz Erkek Sneaker,InStreet,4699.0,4699.0,0.0,https://www.instreet.com.tr/urun/nike-nike-v5-rnr-beyaz-erkek-sneaker-102688445,Kadın Spor Ayakkabı,InStreet,2026-05-11T18:41:31
Puma 9-T Beyaz Erkek Sneaker,InStreet,3999.0,3999.0,0.0,https://www.instreet.com.tr/urun/puma-puma-9-t-beyaz-erkek-sneaker-102236344,Kadın Spor Ayakkabı,InStreet,2026-05-11T18:41:31
Nike COURT BOROUGH LOW RECRAFT Beyaz Unisex Sneaker,InStreet,3499.0,3499.0,0.0,https://www.instreet.com.tr/urun/nike-court-borough-low-recraft-beyaz-unisex-sneaker-101853780,Kadın Spor Ayakkabı,InStreet,2026-05-11T18:41:31
Nike W  RUN DEFY Bej Kadın Koşu Ayakkabısı,InStreet,3299.0,3299.0,0.0,https://www.instreet.com.tr/urun/nike-w-nike-run-defy-bej-kadin-kosu-ayakkabisi-102265621,Kadın Spor Ayakkabı,InStreet,2026-05-11T18:41:31
Vans YT Atwood Siyah Kadın Sneaker,InStreet,2499.0,1799.0,28.0,https://www.instreet.com.tr/urun/vans-yt-atwood-siyah-kadin-sneaker-100787427,Kadın Spor Ayakkabı,InStreet,2026-05-11T18:41:31
Puma Smash v2 L Beyaz Erkek Sneaker,InStreet,3699.0,3699.0,0.0,https://www.instreet.com.tr/urun/puma-puma-smash-v2-l-beyaz-erkek-sneaker-100325849,Kadın Spor Ayakkabı,InStreet,2026-05-11T18:41:31
Nike RUN DEFY GRI Erkek Koşu Ayakkabısı,InStreet,3299.0,3299.0,0.0,https://www.instreet.com.tr/urun/nike-nike-run-defy-gri-erkek-kosu-ayakkabisi-102237301,Kadın Spor Ayakkabı,InStreet,2026-05-11T18:41:31
Nike W  V5 RNR Beyaz Kadın Sneaker,InStreet,4699.0,4699.0,0.0,https://www.instreet.com.tr/urun/nike-w-nike-v5-rnr-beyaz-kadin-sneaker-102237318,Kadın Spor Ayakkabı,InStreet,2026-05-11T18:41:31
Nike Cosmic Runner Bej Unisex Koşu Ayakkabısı,InStreet,2799.0,2799.0,0.0,https://www.instreet.com.tr/urun/nike-nike-cosmic-runner-bej-unisex-kosu-ayakkabisi-102675452,Erkek Spor Ayakkabı,InStreet,2026-05-11T18:41:58
Puma FLYER RUNNER Beyaz Kadın Koşu Ayakkabısı,InStreet,3300.0,3300.0,0.0,https://www.instreet.com.tr/urun/puma-flyer-runner-beyaz-kadin-kosu-ayakkabisi-102236358,Erkek Spor Ayakkabı,InStreet,2026-05-11T18:41:58
Nike COURT BOROUGH LOW RECRAFT Beyaz Unisex Sneaker,InStreet,3499.0,3499.0,0.0,https://www.instreet.com.tr/urun/nike-court-borough-low-recraft-beyaz-unisex-sneaker-101792825,Erkek Spor Ayakkabı,InStreet,2026-05-11T18:41:58
Nike WMNS  INITIATOR Beyaz Kadın Sneaker,InStreet,4399.0,4399.0,0.0,https://www.instreet.com.tr/urun/nike-wmns-nike-initiator-beyaz-kadin-sneaker-101903292,Erkek Spor Ayakkabı,InStreet,2026-05-11T18:41:58
Vans Brooklyn LS Siyah Kadın Sneaker,InStreet,2999.0,2999.0,0.0,https://www.instreet.com.tr/urun/vans-brooklyn-ls-siyah-kadin-sneaker-102256723,Erkek Spor Ayakkabı,InStreet,2026-05-11T18:41:58
Nike AIR MONARCH IV Beyaz Erkek Sneaker,InStreet,4099.0,4099.0,0.0,https://www.instreet.com.tr/urun/nike-air-monarch-iv-beyaz-erkek-sneaker-100320223,Erkek Spor Ayakkabı,InStreet,2026-05-11T18:41:58
Nike COURT VISION LO NN Beyaz Erkek Sneaker,InStreet,4399.0,4399.0,0.0,https://www.instreet.com.tr/urun/nike-nike-court-vision-lo-nn-beyaz-erkek-sneaker-101118438,Erkek Spor Ayakkabı,InStreet,2026-05-11T18:41:58
adidas VL COURT BASE Beyaz Kadın Sneaker,InStreet,3299.0,3299.0,0.0,https://www.instreet.com.tr/urun/adidas-vl-court-base-beyaz-kadin-sneaker-101909425,Erkek Spor Ayakkabı,InStreet,2026-05-11T18:41:58
Nike Cosmic Runner Siyah Unisex Koşu Ayakkabısı,InStreet,2799.0,2799.0,0.0,https://www.instreet.com.tr/urun/nike-nike-cosmic-runner-siyah-unisex-kosu-ayakkabisi-102090821,Erkek Spor Ayakkabı,InStreet,2026-05-11T18:41:58
Nike WMNS  INITIATOR Bej Kadın Sneaker,InStreet,4399.0,4399.0,0.0,https://www.instreet.com.tr/urun/nike-wmns-nike-initiator-bej-kadin-sneaker-102237368,Erkek Spor Ayakkabı,InStreet,2026-05-11T18:41:58
Nike AIR MONARCH IV Beyaz Erkek Sneaker,InStreet,4099.0,4099.0,0.0,https://www.instreet.com.tr/urun/nike-air-monarch-iv-beyaz-erkek-sneaker-100343347,Erkek Spor Ayakkabı,InStreet,2026-05-11T18:41:58
Nike WMNS  INITIATOR Beyaz Kadın Sneaker,InStreet,4399.0,4399.0,0.0,https://www.instreet.com.tr/urun/nike-wmns-nike-initiator-beyaz-kadin-sneaker-102264697,Erkek Spor Ayakkabı,InStreet,2026-05-11T18:41:58
Nike COURT BOROUGH LOW RECRAFT Beyaz Unisex Sneaker,InStreet,3499.0,3499.0,0.0,https://www.instreet.com.tr/urun/nike-court-borough-low-recraft-beyaz-unisex-sneaker-101792764,Erkek Spor Ayakkabı,InStreet,2026-05-11T18:41:58
Nike WMNS  INITIATOR KIRIK BEYAZ Kadın Sneaker,InStreet,4399.0,4399.0,0.0,https://www.instreet.com.tr/urun/nike-wmns-nike-initiator-kirik-beyaz-kadin-sneaker-102688384,Erkek Spor Ayakkabı,InStreet,2026-05-11T18:41:58
Nike INITIATOR Beyaz Erkek Sneaker,InStreet,4399.0,4399.0,0.0,https://www.instreet.com.tr/urun/nike-nike-initiator-beyaz-erkek-sneaker-102237051,Erkek Spor Ayakkabı,InStreet,2026-05-11T18:41:58
Nike COURT VISION LO NN Beyaz Erkek Sneaker,InStreet,4399.0,4399.0,0.0,https://www.instreet.com.tr/urun/nike-nike-court-vision-lo-nn-beyaz-erkek-sneaker-101118394,Erkek Spor Ayakkabı,InStreet,2026-05-11T18:41:58
Puma 9-T Beyaz Kadın Sneaker,InStreet,3999.0,3999.0,0.0,https://www.instreet.com.tr/urun/puma-puma-9-t-beyaz-kadin-sneaker-102236353,Erkek Spor Ayakkabı,InStreet,2026-05-11T18:41:58
Nike V5 RNR Beyaz Erkek Sneaker,InStreet,4699.0,4699.0,0.0,https://www.instreet.com.tr/urun/nike-nike-v5-rnr-beyaz-erkek-sneaker-102688445,Erkek Spor Ayakkabı,InStreet,2026-05-11T18:41:58
Puma 9-T Beyaz Erkek Sneaker,InStreet,3999.0,3999.0,0.0,https://www.instreet.com.tr/urun/puma-puma-9-t-beyaz-erkek-sneaker-102236344,Erkek Spor Ayakkabı,InStreet,2026-05-11T18:41:58
Nike COURT BOROUGH LOW RECRAFT Beyaz Unisex Sneaker,InStreet,3499.0,3499.0,0.0,https://www.instreet.com.tr/urun/nike-court-borough-low-recraft-beyaz-unisex-sneaker-101853780,Erkek Spor Ayakkabı,InStreet,2026-05-11T18:41:58
Nike W  RUN DEFY Bej Kadın Koşu Ayakkabısı,InStreet,3299.0,3299.0,0.0,https://www.instreet.com.tr/urun/nike-w-nike-run-defy-bej-kadin-kosu-ayakkabisi-102265621,Erkek Spor Ayakkabı,InStreet,2026-05-11T18:41:58
Vans YT Atwood Siyah Kadın Sneaker,InStreet,2499.0,1799.0,28.0,https://www.instreet.com.tr/urun/vans-yt-atwood-siyah-kadin-sneaker-100787427,Erkek Spor Ayakkabı,InStreet,2026-05-11T18:41:58
Puma Smash v2 L Beyaz Erkek Sneaker,InStreet,3699.0,3699.0,0.0,https://www.instreet.com.tr/urun/puma-puma-smash-v2-l-beyaz-erkek-sneaker-100325849,Erkek Spor Ayakkabı,InStreet,2026-05-11T18:41:58
Nike RUN DEFY GRI Erkek Koşu Ayakkabısı,InStreet,3299.0,3299.0,0.0,https://www.instreet.com.tr/urun/nike-nike-run-defy-gri-erkek-kosu-ayakkabisi-102237301,Erkek Spor Ayakkabı,InStreet,2026-05-11T18:41:58
Nike W  V5 RNR Beyaz Kadın Sneaker,InStreet,4699.0,4699.0,0.0,https://www.instreet.com.tr/urun/nike-w-nike-v5-rnr-beyaz-kadin-sneaker-102237318,Erkek Spor Ayakkabı,InStreet,2026-05-11T18:41:58
Nike Cosmic Runner Bej Unisex Koşu Ayakkabısı,InStreet,2799.0,2799.0,0.0,https://www.instreet.com.tr/urun/nike-nike-cosmic-runner-bej-unisex-kosu-ayakkabisi-102675452,Erkek Spor Ayakkabı,InStreet,2026-05-11T18:41:58
Puma FLYER RUNNER Beyaz Kadın Koşu Ayakkabısı,InStreet,3300.0,3300.0,0.0,https://www.instreet.com.tr/urun/puma-flyer-runner-beyaz-kadin-kosu-ayakkabisi-102236358,Erkek Spor Ayakkabı,InStreet,2026-05-11T18:41:58
Nike COURT BOROUGH LOW RECRAFT Beyaz Unisex Sneaker,InStreet,3499.0,3499.0,0.0,https://www.instreet.com.tr/urun/nike-court-borough-low-recraft-beyaz-unisex-sneaker-101792825,Erkek Spor Ayakkabı,InStreet,2026-05-11T18:41:58
Nike WMNS  INITIATOR Beyaz Kadın Sneaker,InStreet,4399.0,4399.0,0.0,https://www.instreet.com.tr/urun/nike-wmns-nike-initiator-beyaz-kadin-sneaker-101903292,Erkek Spor Ayakkabı,InStreet,2026-05-11T18:41:58
Vans Brooklyn LS Siyah Kadın Sneaker,InStreet,2999.0,2999.0,0.0,https://www.instreet.com.tr/urun/vans-brooklyn-ls-siyah-kadin-sneaker-102256723,Erkek Spor Ayakkabı,InStreet,2026-05-11T18:41:58
Nike AIR MONARCH IV Beyaz Erkek Sneaker,InStreet,4099.0,4099.0,0.0,https://www.instreet.com.tr/urun/nike-air-monarch-iv-beyaz-erkek-sneaker-100320223,Erkek Spor Ayakkabı,InStreet,2026-05-11T18:41:58
Nike COURT VISION LO NN Beyaz Erkek Sneaker,InStreet,4399.0,4399.0,0.0,https://www.instreet.com.tr/urun/nike-nike-court-vision-lo-nn-beyaz-erkek-sneaker-101118438,Erkek Spor Ayakkabı,InStreet,2026-05-11T18:41:58
adidas VL COURT BASE Beyaz Kadın Sneaker,InStreet,3299.0,3299.0,0.0,https://www.instreet.com.tr/urun/adidas-vl-court-base-beyaz-kadin-sneaker-101909425,Erkek Spor Ayakkabı,InStreet,2026-05-11T18:41:58
Nike Cosmic Runner Siyah Unisex Koşu Ayakkabısı,InStreet,2799.0,2799.0,0.0,https://www.instreet.com.tr/urun/nike-nike-cosmic-runner-siyah-unisex-kosu-ayakkabisi-102090821,Erkek Spor Ayakkabı,InStreet,2026-05-11T18:41:58
Nike WMNS  INITIATOR Bej Kadın Sneaker,InStreet,4399.0,4399.0,0.0,https://www.instreet.com.tr/urun/nike-wmns-nike-initiator-bej-kadin-sneaker-102237368,Erkek Spor Ayakkabı,InStreet,2026-05-11T18:41:58
Nike AIR MONARCH IV Beyaz Erkek Sneaker,InStreet,4099.0,4099.0,0.0,https://www.instreet.com.tr/urun/nike-air-monarch-iv-beyaz-erkek-sneaker-100343347,Erkek Spor Ayakkabı,InStreet,2026-05-11T18:41:58
Nike WMNS  INITIATOR Beyaz Kadın Sneaker,InStreet,4399.0,4399.0,0.0,https://www.instreet.com.tr/urun/nike-wmns-nike-initiator-beyaz-kadin-sneaker-102264697,Erkek Spor Ayakkabı,InStreet,2026-05-11T18:41:58
Nike COURT BOROUGH LOW RECRAFT Beyaz Unisex Sneaker,InStreet,3499.0,3499.0,0.0,https://www.instreet.com.tr/urun/nike-court-borough-low-recraft-beyaz-unisex-sneaker-101792764,Erkek Spor Ayakkabı,InStreet,2026-05-11T18:41:58
Nike WMNS  INITIATOR KIRIK BEYAZ Kadın Sneaker,InStreet,4399.0,4399.0,0.0,https://www.instreet.com.tr/urun/nike-wmns-nike-initiator-kirik-beyaz-kadin-sneaker-102688384,Erkek Spor Ayakkabı,InStreet,2026-05-11T18:41:58
Nike INITIATOR Beyaz Erkek Sneaker,InStreet,4399.0,4399.0,0.0,https://www.instreet.com.tr/urun/nike-nike-initiator-beyaz-erkek-sneaker-102237051,Erkek Spor Ayakkabı,InStreet,2026-05-11T18:41:58
Nike COURT VISION LO NN Beyaz Erkek Sneaker,InStreet,4399.0,4399.0,0.0,https://www.instreet.com.tr/urun/nike-nike-court-vision-lo-nn-beyaz-erkek-sneaker-101118394,Erkek Spor Ayakkabı,InStreet,2026-05-11T18:41:58
Puma 9-T Beyaz Kadın Sneaker,InStreet,3999.0,3999.0,0.0,https://www.instreet.com.tr/urun/puma-puma-9-t-beyaz-kadin-sneaker-102236353,Erkek Spor Ayakkabı,InStreet,2026-05-11T18:41:58
Nike V5 RNR Beyaz Erkek Sneaker,InStreet,4699.0,4699.0,0.0,https://www.instreet.com.tr/urun/nike-nike-v5-rnr-beyaz-erkek-sneaker-102688445,Erkek Spor Ayakkabı,InStreet,2026-05-11T18:41:58
Puma 9-T Beyaz Erkek Sneaker,InStreet,3999.0,3999.0,0.0,https://www.instreet.com.tr/urun/puma-puma-9-t-beyaz-erkek-sneaker-102236344,Erkek Spor Ayakkabı,InStreet,2026-05-11T18:41:58
Nike COURT BOROUGH LOW RECRAFT Beyaz Unisex Sneaker,InStreet,3499.0,3499.0,0.0,https://www.instreet.com.tr/urun/nike-court-borough-low-recraft-beyaz-unisex-sneaker-101853780,Erkek Spor Ayakkabı,InStreet,2026-05-11T18:41:58
Nike W  RUN DEFY Bej Kadın Koşu Ayakkabısı,InStreet,3299.0,3299.0,0.0,https://www.instreet.com.tr/urun/nike-w-nike-run-defy-bej-kadin-kosu-ayakkabisi-102265621,Erkek Spor Ayakkabı,InStreet,2026-05-11T18:41:58
Vans YT Atwood Siyah Kadın Sneaker,InStreet,2499.0,1799.0,28.0,https://www.instreet.com.tr/urun/vans-yt-atwood-siyah-kadin-sneaker-100787427,Erkek Spor Ayakkabı,InStreet,2026-05-11T18:41:58
Puma Smash v2 L Beyaz Erkek Sneaker,InStreet,3699.0,3699.0,0.0,https://www.instreet.com.tr/urun/puma-puma-smash-v2-l-beyaz-erkek-sneaker-100325849,Erkek Spor Ayakkabı,InStreet,2026-05-11T18:41:58
Nike RUN DEFY GRI Erkek Koşu Ayakkabısı,InStreet,3299.0,3299.0,0.0,https://www.instreet.com.tr/urun/nike-nike-run-defy-gri-erkek-kosu-ayakkabisi-102237301,Erkek Spor Ayakkabı,InStreet,2026-05-11T18:41:58
Nike W  V5 RNR Beyaz Kadın Sneaker,InStreet,4699.0,4699.0,0.0,https://www.instreet.com.tr/urun/nike-w-nike-v5-rnr-beyaz-kadin-sneaker-102237318,Erkek Spor Ayakkabı,InStreet,2026-05-11T18:41:58
Nike Cosmic Runner Bej Unisex Koşu Ayakkabısı,InStreet,2799.0,2799.0,0.0,https://www.instreet.com.tr/urun/nike-nike-cosmic-runner-bej-unisex-kosu-ayakkabisi-102675452,Erkek Spor Ayakkabı,InStreet,2026-05-11T18:41:58
Puma FLYER RUNNER Beyaz Kadın Koşu Ayakkabısı,InStreet,3300.0,3300.0,0.0,https://www.instreet.com.tr/urun/puma-flyer-runner-beyaz-kadin-kosu-ayakkabisi-102236358,Erkek Spor Ayakkabı,InStreet,2026-05-11T18:41:58
Nike COURT BOROUGH LOW RECRAFT Beyaz Unisex Sneaker,InStreet,3499.0,3499.0,0.0,https://www.instreet.com.tr/urun/nike-court-borough-low-recraft-beyaz-unisex-sneaker-101792825,Erkek Spor Ayakkabı,InStreet,2026-05-11T18:41:58
Nike WMNS  INITIATOR Beyaz Kadın Sneaker,InStreet,4399.0,4399.0,0.0,https://www.instreet.com.tr/urun/nike-wmns-nike-initiator-beyaz-kadin-sneaker-101903292,Erkek Spor Ayakkabı,InStreet,2026-05-11T18:41:58
Vans Brooklyn LS Siyah Kadın Sneaker,InStreet,2999.0,2999.0,0.0,https://www.instreet.com.tr/urun/vans-brooklyn-ls-siyah-kadin-sneaker-102256723,Erkek Spor Ayakkabı,InStreet,2026-05-11T18:41:58
Nike AIR MONARCH IV Beyaz Erkek Sneaker,InStreet,4099.0,4099.0,0.0,https://www.instreet.com.tr/urun/nike-air-monarch-iv-beyaz-erkek-sneaker-100320223,Erkek Spor Ayakkabı,InStreet,2026-05-11T18:41:58
Nike COURT VISION LO NN Beyaz Erkek Sneaker,InStreet,4399.0,4399.0,0.0,https://www.instreet.com.tr/urun/nike-nike-court-vision-lo-nn-beyaz-erkek-sneaker-101118438,Erkek Spor Ayakkabı,InStreet,2026-05-11T18:41:58
adidas VL COURT BASE Beyaz Kadın Sneaker,InStreet,3299.0,3299.0,0.0,https://www.instreet.com.tr/urun/adidas-vl-court-base-beyaz-kadin-sneaker-101909425,Erkek Spor Ayakkabı,InStreet,2026-05-11T18:41:58
Nike Cosmic Runner Siyah Unisex Koşu Ayakkabısı,InStreet,2799.0,2799.0,0.0,https://www.instreet.com.tr/urun/nike-nike-cosmic-runner-siyah-unisex-kosu-ayakkabisi-102090821,Erkek Spor Ayakkabı,InStreet,2026-05-11T18:41:58
Nike WMNS  INITIATOR Bej Kadın Sneaker,InStreet,4399.0,4399.0,0.0,https://www.instreet.com.tr/urun/nike-wmns-nike-initiator-bej-kadin-sneaker-102237368,Erkek Spor Ayakkabı,InStreet,2026-05-11T18:41:58
Nike AIR MONARCH IV Beyaz Erkek Sneaker,InStreet,4099.0,4099.0,0.0,https://www.instreet.com.tr/urun/nike-air-monarch-iv-beyaz-erkek-sneaker-100343347,Erkek Spor Ayakkabı,InStreet,2026-05-11T18:41:58
Nike WMNS  INITIATOR Beyaz Kadın Sneaker,InStreet,4399.0,4399.0,0.0,https://www.instreet.com.tr/urun/nike-wmns-nike-initiator-beyaz-kadin-sneaker-102264697,Erkek Spor Ayakkabı,InStreet,2026-05-11T18:41:58
Nike COURT BOROUGH LOW RECRAFT Beyaz Unisex Sneaker,InStreet,3499.0,3499.0,0.0,https://www.instreet.com.tr/urun/nike-court-borough-low-recraft-beyaz-unisex-sneaker-101792764,Erkek Spor Ayakkabı,InStreet,2026-05-11T18:41:58
Nike WMNS  INITIATOR KIRIK BEYAZ Kadın Sneaker,InStreet,4399.0,4399.0,0.0,https://www.instreet.com.tr/urun/nike-wmns-nike-initiator-kirik-beyaz-kadin-sneaker-102688384,Erkek Spor Ayakkabı,InStreet,2026-05-11T18:41:58
Nike INITIATOR Beyaz Erkek Sneaker,InStreet,4399.0,4399.0,0.0,https://www.instreet.com.tr/urun/nike-nike-initiator-beyaz-erkek-sneaker-102237051,Erkek Spor Ayakkabı,InStreet,2026-05-11T18:41:58
Nike COURT VISION LO NN Beyaz Erkek Sneaker,InStreet,4399.0,4399.0,0.0,https://www.instreet.com.tr/urun/nike-nike-court-vision-lo-nn-beyaz-erkek-sneaker-101118394,Erkek Spor Ayakkabı,InStreet,2026-05-11T18:41:58
Puma 9-T Beyaz Kadın Sneaker,InStreet,3999.0,3999.0,0.0,https://www.instreet.com.tr/urun/puma-puma-9-t-beyaz-kadin-sneaker-102236353,Erkek Spor Ayakkabı,InStreet,2026-05-11T18:41:58
Nike V5 RNR Beyaz Erkek Sneaker,InStreet,4699.0,4699.0,0.0,https://www.instreet.com.tr/urun/nike-nike-v5-rnr-beyaz-erkek-sneaker-102688445,Erkek Spor Ayakkabı,InStreet,2026-05-11T18:41:58
Puma 9-T Beyaz Erkek Sneaker,InStreet,3999.0,3999.0,0.0,https://www.instreet.com.tr/urun/puma-puma-9-t-beyaz-erkek-sneaker-102236344,Erkek Spor Ayakkabı,InStreet,2026-05-11T18:41:58
Nike COURT BOROUGH LOW RECRAFT Beyaz Unisex Sneaker,InStreet,3499.0,3499.0,0.0,https://www.instreet.com.tr/urun/nike-court-borough-low-recraft-beyaz-unisex-sneaker-101853780,Erkek Spor Ayakkabı,InStreet,2026-05-11T18:41:58
Nike W  RUN DEFY Bej Kadın Koşu Ayakkabısı,InStreet,3299.0,3299.0,0.0,https://www.instreet.com.tr/urun/nike-w-nike-run-defy-bej-kadin-kosu-ayakkabisi-102265621,Erkek Spor Ayakkabı,InStreet,2026-05-11T18:41:58
Vans YT Atwood Siyah Kadın Sneaker,InStreet,2499.0,1799.0,28.0,https://www.instreet.com.tr/urun/vans-yt-atwood-siyah-kadin-sneaker-100787427,Erkek Spor Ayakkabı,InStreet,2026-05-11T18:41:58
Puma Smash v2 L Beyaz Erkek Sneaker,InStreet,3699.0,3699.0,0.0,https://www.instreet.com.tr/urun/puma-puma-smash-v2-l-beyaz-erkek-sneaker-100325849,Erkek Spor Ayakkabı,InStreet,2026-05-11T18:41:58
Nike RUN DEFY GRI Erkek Koşu Ayakkabısı,InStreet,3299.0,3299.0,0.0,https://www.instreet.com.tr/urun/nike-nike-run-defy-gri-erkek-kosu-ayakkabisi-102237301,Erkek Spor Ayakkabı,InStreet,2026-05-11T18:41:58
Nike W  V5 RNR Beyaz Kadın Sneaker,InStreet,4699.0,4699.0,0.0,https://www.instreet.com.tr/urun/nike-w-nike-v5-rnr-beyaz-kadin-sneaker-102237318,Erkek Spor Ayakkabı,InStreet,2026-05-11T18:41:58
Nike Cosmic Runner Bej Unisex Koşu Ayakkabısı,InStreet,2799.0,2799.0,0.0,https://www.instreet.com.tr/urun/nike-nike-cosmic-runner-bej-unisex-kosu-ayakkabisi-102675452,Kadın Spor Ayakkabı,InStreet,2026-05-11T18:53:44
Puma FLYER RUNNER Beyaz Kadın Koşu Ayakkabısı,InStreet,3300.0,3300.0,0.0,https://www.instreet.com.tr/urun/puma-flyer-runner-beyaz-kadin-kosu-ayakkabisi-102236358,Kadın Spor Ayakkabı,InStreet,2026-05-11T18:53:44
Nike COURT BOROUGH LOW RECRAFT Beyaz Unisex Sneaker,InStreet,3499.0,3499.0,0.0,https://www.instreet.com.tr/urun/nike-court-borough-low-recraft-beyaz-unisex-sneaker-101792825,Kadın Spor Ayakkabı,InStreet,2026-05-11T18:53:44
Nike WMNS  INITIATOR Beyaz Kadın Sneaker,InStreet,4399.0,4399.0,0.0,https://www.instreet.com.tr/urun/nike-wmns-nike-initiator-beyaz-kadin-sneaker-101903292,Kadın Spor Ayakkabı,InStreet,2026-05-11T18:53:44
Vans Brooklyn LS Siyah Kadın Sneaker,InStreet,2999.0,2999.0,0.0,https://www.instreet.com.tr/urun/vans-brooklyn-ls-siyah-kadin-sneaker-102256723,Kadın Spor Ayakkabı,InStreet,2026-05-11T18:53:44
Nike AIR MONARCH IV Beyaz Erkek Sneaker,InStreet,4099.0,4099.0,0.0,https://www.instreet.com.tr/urun/nike-air-monarch-iv-beyaz-erkek-sneaker-100320223,Kadın Spor Ayakkabı,InStreet,2026-05-11T18:53:44
Nike COURT VISION LO NN Beyaz Erkek Sneaker,InStreet,4399.0,4399.0,0.0,https://www.instreet.com.tr/urun/nike-nike-court-vision-lo-nn-beyaz-erkek-sneaker-101118438,Kadın Spor Ayakkabı,InStreet,2026-05-11T18:53:44
adidas VL COURT BASE Beyaz Kadın Sneaker,InStreet,3299.0,3299.0,0.0,https://www.instreet.com.tr/urun/adidas-vl-court-base-beyaz-kadin-sneaker-101909425,Kadın Spor Ayakkabı,InStreet,2026-05-11T18:53:44
Nike Cosmic Runner Siyah Unisex Koşu Ayakkabısı,InStreet,2799.0,2799.0,0.0,https://www.instreet.com.tr/urun/nike-nike-cosmic-runner-siyah-unisex-kosu-ayakkabisi-102090821,Kadın Spor Ayakkabı,InStreet,2026-05-11T18:53:44
Nike WMNS  INITIATOR Bej Kadın Sneaker,InStreet,4399.0,4399.0,0.0,https://www.instreet.com.tr/urun/nike-wmns-nike-initiator-bej-kadin-sneaker-102237368,Kadın Spor Ayakkabı,InStreet,2026-05-11T18:53:44
Nike AIR MONARCH IV Beyaz Erkek Sneaker,InStreet,4099.0,4099.0,0.0,https://www.instreet.com.tr/urun/nike-air-monarch-iv-beyaz-erkek-sneaker-100343347,Kadın Spor Ayakkabı,InStreet,2026-05-11T18:53:44
Nike WMNS  INITIATOR Beyaz Kadın Sneaker,InStreet,4399.0,4399.0,0.0,https://www.instreet.com.tr/urun/nike-wmns-nike-initiator-beyaz-kadin-sneaker-102264697,Kadın Spor Ayakkabı,InStreet,2026-05-11T18:53:44
Nike COURT BOROUGH LOW RECRAFT Beyaz Unisex Sneaker,InStreet,3499.0,3499.0,0.0,https://www.instreet.com.tr/urun/nike-court-borough-low-recraft-beyaz-unisex-sneaker-101792764,Kadın Spor Ayakkabı,InStreet,2026-05-11T18:53:44
Nike WMNS  INITIATOR KIRIK BEYAZ Kadın Sneaker,InStreet,4399.0,4399.0,0.0,https://www.instreet.com.tr/urun/nike-wmns-nike-initiator-kirik-beyaz-kadin-sneaker-102688384,Kadın Spor Ayakkabı,InStreet,2026-05-11T18:53:44
Nike INITIATOR Beyaz Erkek Sneaker,InStreet,4399.0,4399.0,0.0,https://www.instreet.com.tr/urun/nike-nike-initiator-beyaz-erkek-sneaker-102237051,Kadın Spor Ayakkabı,InStreet,2026-05-11T18:53:44
Nike COURT VISION LO NN Beyaz Erkek Sneaker,InStreet,4399.0,4399.0,0.0,https://www.instreet.com.tr/urun/nike-nike-court-vision-lo-nn-beyaz-erkek-sneaker-101118394,Kadın Spor Ayakkabı,InStreet,2026-05-11T18:53:44
Puma 9-T Beyaz Kadın Sneaker,InStreet,3999.0,3999.0,0.0,https://www.instreet.com.tr/urun/puma-puma-9-t-beyaz-kadin-sneaker-102236353,Kadın Spor Ayakkabı,InStreet,2026-05-11T18:53:44
Nike V5 RNR Beyaz Erkek Sneaker,InStreet,4699.0,4699.0,0.0,https://www.instreet.com.tr/urun/nike-nike-v5-rnr-beyaz-erkek-sneaker-102688445,Kadın Spor Ayakkabı,InStreet,2026-05-11T18:53:44
Puma 9-T Beyaz Erkek Sneaker,InStreet,3999.0,3999.0,0.0,https://www.instreet.com.tr/urun/puma-puma-9-t-beyaz-erkek-sneaker-102236344,Kadın Spor Ayakkabı,InStreet,2026-05-11T18:53:44
Nike COURT BOROUGH LOW RECRAFT Beyaz Unisex Sneaker,InStreet,3499.0,3499.0,0.0,https://www.instreet.com.tr/urun/nike-court-borough-low-recraft-beyaz-unisex-sneaker-101853780,Kadın Spor Ayakkabı,InStreet,2026-05-11T18:53:44
Nike W  RUN DEFY Bej Kadın Koşu Ayakkabısı,InStreet,3299.0,3299.0,0.0,https://www.instreet.com.tr/urun/nike-w-nike-run-defy-bej-kadin-kosu-ayakkabisi-102265621,Kadın Spor Ayakkabı,InStreet,2026-05-11T18:53:44
Vans YT Atwood Siyah Kadın Sneaker,InStreet,2499.0,1799.0,28.0,https://www.instreet.com.tr/urun/vans-yt-atwood-siyah-kadin-sneaker-100787427,Kadın Spor Ayakkabı,InStreet,2026-05-11T18:53:44
Puma Smash v2 L Beyaz Erkek Sneaker,InStreet,3699.0,3699.0,0.0,https://www.instreet.com.tr/urun/puma-puma-smash-v2-l-beyaz-erkek-sneaker-100325849,Kadın Spor Ayakkabı,InStreet,2026-05-11T18:53:44
Nike RUN DEFY GRI Erkek Koşu Ayakkabısı,InStreet,3299.0,3299.0,0.0,https://www.instreet.com.tr/urun/nike-nike-run-defy-gri-erkek-kosu-ayakkabisi-102237301,Kadın Spor Ayakkabı,InStreet,2026-05-11T18:53:44
Nike W  V5 RNR Beyaz Kadın Sneaker,InStreet,4699.0,4699.0,0.0,https://www.instreet.com.tr/urun/nike-w-nike-v5-rnr-beyaz-kadin-sneaker-102237318,Kadın Spor Ayakkabı,InStreet,2026-05-11T18:53:44
Nike Cosmic Runner Bej Unisex Koşu Ayakkabısı,InStreet,2799.0,2799.0,0.0,https://www.instreet.com.tr/urun/nike-nike-cosmic-runner-bej-unisex-kosu-ayakkabisi-102675452,Kadın Spor Ayakkabı,InStreet,2026-05-11T18:53:44
Puma FLYER RUNNER Beyaz Kadın Koşu Ayakkabısı,InStreet,3300.0,3300.0,0.0,https://www.instreet.com.tr/urun/puma-flyer-runner-beyaz-kadin-kosu-ayakkabisi-102236358,Kadın Spor Ayakkabı,InStreet,2026-05-11T18:53:44
Nike COURT BOROUGH LOW RECRAFT Beyaz Unisex Sneaker,InStreet,3499.0,3499.0,0.0,https://www.instreet.com.tr/urun/nike-court-borough-low-recraft-beyaz-unisex-sneaker-101792825,Kadın Spor Ayakkabı,InStreet,2026-05-11T18:53:44
Nike WMNS  INITIATOR Beyaz Kadın Sneaker,InStreet,4399.0,4399.0,0.0,https://www.instreet.com.tr/urun/nike-wmns-nike-initiator-beyaz-kadin-sneaker-101903292,Kadın Spor Ayakkabı,InStreet,2026-05-11T18:53:44
Vans Brooklyn LS Siyah Kadın Sneaker,InStreet,2999.0,2999.0,0.0,https://www.instreet.com.tr/urun/vans-brooklyn-ls-siyah-kadin-sneaker-102256723,Kadın Spor Ayakkabı,InStreet,2026-05-11T18:53:44
Nike AIR MONARCH IV Beyaz Erkek Sneaker,InStreet,4099.0,4099.0,0.0,https://www.instreet.com.tr/urun/nike-air-monarch-iv-beyaz-erkek-sneaker-100320223,Kadın Spor Ayakkabı,InStreet,2026-05-11T18:53:44
Nike COURT VISION LO NN Beyaz Erkek Sneaker,InStreet,4399.0,4399.0,0.0,https://www.instreet.com.tr/urun/nike-nike-court-vision-lo-nn-beyaz-erkek-sneaker-101118438,Kadın Spor Ayakkabı,InStreet,2026-05-11T18:53:44
adidas VL COURT BASE Beyaz Kadın Sneaker,InStreet,3299.0,3299.0,0.0,https://www.instreet.com.tr/urun/adidas-vl-court-base-beyaz-kadin-sneaker-101909425,Kadın Spor Ayakkabı,InStreet,2026-05-11T18:53:44
Nike Cosmic Runner Siyah Unisex Koşu Ayakkabısı,InStreet,2799.0,2799.0,0.0,https://www.instreet.com.tr/urun/nike-nike-cosmic-runner-siyah-unisex-kosu-ayakkabisi-102090821,Kadın Spor Ayakkabı,InStreet,2026-05-11T18:53:44
Nike WMNS  INITIATOR Bej Kadın Sneaker,InStreet,4399.0,4399.0,0.0,https://www.instreet.com.tr/urun/nike-wmns-nike-initiator-bej-kadin-sneaker-102237368,Kadın Spor Ayakkabı,InStreet,2026-05-11T18:53:44
Nike AIR MONARCH IV Beyaz Erkek Sneaker,InStreet,4099.0,4099.0,0.0,https://www.instreet.com.tr/urun/nike-air-monarch-iv-beyaz-erkek-sneaker-100343347,Kadın Spor Ayakkabı,InStreet,2026-05-11T18:53:44
Nike WMNS  INITIATOR Beyaz Kadın Sneaker,InStreet,4399.0,4399.0,0.0,https://www.instreet.com.tr/urun/nike-wmns-nike-initiator-beyaz-kadin-sneaker-102264697,Kadın Spor Ayakkabı,InStreet,2026-05-11T18:53:44
Nike COURT BOROUGH LOW RECRAFT Beyaz Unisex Sneaker,InStreet,3499.0,3499.0,0.0,https://www.instreet.com.tr/urun/nike-court-borough-low-recraft-beyaz-unisex-sneaker-101792764,Kadın Spor Ayakkabı,InStreet,2026-05-11T18:53:44
Nike WMNS  INITIATOR KIRIK BEYAZ Kadın Sneaker,InStreet,4399.0,4399.0,0.0,https://www.instreet.com.tr/urun/nike-wmns-nike-initiator-kirik-beyaz-kadin-sneaker-102688384,Kadın Spor Ayakkabı,InStreet,2026-05-11T18:53:44
Nike INITIATOR Beyaz Erkek Sneaker,InStreet,4399.0,4399.0,0.0,https://www.instreet.com.tr/urun/nike-nike-initiator-beyaz-erkek-sneaker-102237051,Kadın Spor Ayakkabı,InStreet,2026-05-11T18:53:44
Nike COURT VISION LO NN Beyaz Erkek Sneaker,InStreet,4399.0,4399.0,0.0,https://www.instreet.com.tr/urun/nike-nike-court-vision-lo-nn-beyaz-erkek-sneaker-101118394,Kadın Spor Ayakkabı,InStreet,2026-05-11T18:53:44
Puma 9-T Beyaz Kadın Sneaker,InStreet,3999.0,3999.0,0.0,https://www.instreet.com.tr/urun/puma-puma-9-t-beyaz-kadin-sneaker-102236353,Kadın Spor Ayakkabı,InStreet,2026-05-11T18:53:44
Nike V5 RNR Beyaz Erkek Sneaker,InStreet,4699.0,4699.0,0.0,https://www.instreet.com.tr/urun/nike-nike-v5-rnr-beyaz-erkek-sneaker-102688445,Kadın Spor Ayakkabı,InStreet,2026-05-11T18:53:44
Puma 9-T Beyaz Erkek Sneaker,InStreet,3999.0,3999.0,0.0,https://www.instreet.com.tr/urun/puma-puma-9-t-beyaz-erkek-sneaker-102236344,Kadın Spor Ayakkabı,InStreet,2026-05-11T18:53:44
Nike COURT BOROUGH LOW RECRAFT Beyaz Unisex Sneaker,InStreet,3499.0,3499.0,0.0,https://www.instreet.com.tr/urun/nike-court-borough-low-recraft-beyaz-unisex-sneaker-101853780,Kadın Spor Ayakkabı,InStreet,2026-05-11T18:53:44
Nike W  RUN DEFY Bej Kadın Koşu Ayakkabısı,InStreet,3299.0,3299.0,0.0,https://www.instreet.com.tr/urun/nike-w-nike-run-defy-bej-kadin-kosu-ayakkabisi-102265621,Kadın Spor Ayakkabı,InStreet,2026-05-11T18:53:44
Vans YT Atwood Siyah Kadın Sneaker,InStreet,2499.0,1799.0,28.0,https://www.instreet.com.tr/urun/vans-yt-atwood-siyah-kadin-sneaker-100787427,Kadın Spor Ayakkabı,InStreet,2026-05-11T18:53:44
Puma Smash v2 L Beyaz Erkek Sneaker,InStreet,3699.0,3699.0,0.0,https://www.instreet.com.tr/urun/puma-puma-smash-v2-l-beyaz-erkek-sneaker-100325849,Kadın Spor Ayakkabı,InStreet,2026-05-11T18:53:44
Nike RUN DEFY GRI Erkek Koşu Ayakkabısı,InStreet,3299.0,3299.0,0.0,https://www.instreet.com.tr/urun/nike-nike-run-defy-gri-erkek-kosu-ayakkabisi-102237301,Kadın Spor Ayakkabı,InStreet,2026-05-11T18:53:44
Nike W  V5 RNR Beyaz Kadın Sneaker,InStreet,4699.0,4699.0,0.0,https://www.instreet.com.tr/urun/nike-w-nike-v5-rnr-beyaz-kadin-sneaker-102237318,Kadın Spor Ayakkabı,InStreet,2026-05-11T18:53:44
Nike Cosmic Runner Bej Unisex Koşu Ayakkabısı,InStreet,2799.0,2799.0,0.0,https://www.instreet.com.tr/urun/nike-nike-cosmic-runner-bej-unisex-kosu-ayakkabisi-102675452,Kadın Spor Ayakkabı,InStreet,2026-05-11T18:53:44
Puma FLYER RUNNER Beyaz Kadın Koşu Ayakkabısı,InStreet,3300.0,3300.0,0.0,https://www.instreet.com.tr/urun/puma-flyer-runner-beyaz-kadin-kosu-ayakkabisi-102236358,Kadın Spor Ayakkabı,InStreet,2026-05-11T18:53:44
Nike COURT BOROUGH LOW RECRAFT Beyaz Unisex Sneaker,InStreet,3499.0,3499.0,0.0,https://www.instreet.com.tr/urun/nike-court-borough-low-recraft-beyaz-unisex-sneaker-101792825,Kadın Spor Ayakkabı,InStreet,2026-05-11T18:53:44
Nike WMNS  INITIATOR Beyaz Kadın Sneaker,InStreet,4399.0,4399.0,0.0,https://www.instreet.com.tr/urun/nike-wmns-nike-initiator-beyaz-kadin-sneaker-101903292,Kadın Spor Ayakkabı,InStreet,2026-05-11T18:53:44
Vans Brooklyn LS Siyah Kadın Sneaker,InStreet,2999.0,2999.0,0.0,https://www.instreet.com.tr/urun/vans-brooklyn-ls-siyah-kadin-sneaker-102256723,Kadın Spor Ayakkabı,InStreet,2026-05-11T18:53:44
Nike AIR MONARCH IV Beyaz Erkek Sneaker,InStreet,4099.0,4099.0,0.0,https://www.instreet.com.tr/urun/nike-air-monarch-iv-beyaz-erkek-sneaker-100320223,Kadın Spor Ayakkabı,InStreet,2026-05-11T18:53:44
Nike COURT VISION LO NN Beyaz Erkek Sneaker,InStreet,4399.0,4399.0,0.0,https://www.instreet.com.tr/urun/nike-nike-court-vision-lo-nn-beyaz-erkek-sneaker-101118438,Kadın Spor Ayakkabı,InStreet,2026-05-11T18:53:44
adidas VL COURT BASE Beyaz Kadın Sneaker,InStreet,3299.0,3299.0,0.0,https://www.instreet.com.tr/urun/adidas-vl-court-base-beyaz-kadin-sneaker-101909425,Kadın Spor Ayakkabı,InStreet,2026-05-11T18:53:44
Nike Cosmic Runner Siyah Unisex Koşu Ayakkabısı,InStreet,2799.0,2799.0,0.0,https://www.instreet.com.tr/urun/nike-nike-cosmic-runner-siyah-unisex-kosu-ayakkabisi-102090821,Kadın Spor Ayakkabı,InStreet,2026-05-11T18:53:44
Nike WMNS  INITIATOR Bej Kadın Sneaker,InStreet,4399.0,4399.0,0.0,https://www.instreet.com.tr/urun/nike-wmns-nike-initiator-bej-kadin-sneaker-102237368,Kadın Spor Ayakkabı,InStreet,2026-05-11T18:53:44
Nike AIR MONARCH IV Beyaz Erkek Sneaker,InStreet,4099.0,4099.0,0.0,https://www.instreet.com.tr/urun/nike-air-monarch-iv-beyaz-erkek-sneaker-100343347,Kadın Spor Ayakkabı,InStreet,2026-05-11T18:53:44
Nike WMNS  INITIATOR Beyaz Kadın Sneaker,InStreet,4399.0,4399.0,0.0,https://www.instreet.com.tr/urun/nike-wmns-nike-initiator-beyaz-kadin-sneaker-102264697,Kadın Spor Ayakkabı,InStreet,2026-05-11T18:53:44
Nike COURT BOROUGH LOW RECRAFT Beyaz Unisex Sneaker,InStreet,3499.0,3499.0,0.0,https://www.instreet.com.tr/urun/nike-court-borough-low-recraft-beyaz-unisex-sneaker-101792764,Kadın Spor Ayakkabı,InStreet,2026-05-11T18:53:44
Nike WMNS  INITIATOR KIRIK BEYAZ Kadın Sneaker,InStreet,4399.0,4399.0,0.0,https://www.instreet.com.tr/urun/nike-wmns-nike-initiator-kirik-beyaz-kadin-sneaker-102688384,Kadın Spor Ayakkabı,InStreet,2026-05-11T18:53:44
Nike INITIATOR Beyaz Erkek Sneaker,InStreet,4399.0,4399.0,0.0,https://www.instreet.com.tr/urun/nike-nike-initiator-beyaz-erkek-sneaker-102237051,Kadın Spor Ayakkabı,InStreet,2026-05-11T18:53:44
Nike COURT VISION LO NN Beyaz Erkek Sneaker,InStreet,4399.0,4399.0,0.0,https://www.instreet.com.tr/urun/nike-nike-court-vision-lo-nn-beyaz-erkek-sneaker-101118394,Kadın Spor Ayakkabı,InStreet,2026-05-11T18:53:44
Puma 9-T Beyaz Kadın Sneaker,InStreet,3999.0,3999.0,0.0,https://www.instreet.com.tr/urun/puma-puma-9-t-beyaz-kadin-sneaker-102236353,Kadın Spor Ayakkabı,InStreet,2026-05-11T18:53:44
Nike V5 RNR Beyaz Erkek Sneaker,InStreet,4699.0,4699.0,0.0,https://www.instreet.com.tr/urun/nike-nike-v5-rnr-beyaz-erkek-sneaker-102688445,Kadın Spor Ayakkabı,InStreet,2026-05-11T18:53:44
Puma 9-T Beyaz Erkek Sneaker,InStreet,3999.0,3999.0,0.0,https://www.instreet.com.tr/urun/puma-puma-9-t-beyaz-erkek-sneaker-102236344,Kadın Spor Ayakkabı,InStreet,2026-05-11T18:53:44
Nike COURT BOROUGH LOW RECRAFT Beyaz Unisex Sneaker,InStreet,3499.0,3499.0,0.0,https://www.instreet.com.tr/urun/nike-court-borough-low-recraft-beyaz-unisex-sneaker-101853780,Kadın Spor Ayakkabı,InStreet,2026-05-11T18:53:44
Nike W  RUN DEFY Bej Kadın Koşu Ayakkabısı,InStreet,3299.0,3299.0,0.0,https://www.instreet.com.tr/urun/nike-w-nike-run-defy-bej-kadin-kosu-ayakkabisi-102265621,Kadın Spor Ayakkabı,InStreet,2026-05-11T18:53:44
Vans YT Atwood Siyah Kadın Sneaker,InStreet,2499.0,1799.0,28.0,https://www.instreet.com.tr/urun/vans-yt-atwood-siyah-kadin-sneaker-100787427,Kadın Spor Ayakkabı,InStreet,2026-05-11T18:53:44
Puma Smash v2 L Beyaz Erkek Sneaker,InStreet,3699.0,3699.0,0.0,https://www.instreet.com.tr/urun/puma-puma-smash-v2-l-beyaz-erkek-sneaker-100325849,Kadın Spor Ayakkabı,InStreet,2026-05-11T18:53:44
Nike RUN DEFY GRI Erkek Koşu Ayakkabısı,InStreet,3299.0,3299.0,0.0,https://www.instreet.com.tr/urun/nike-nike-run-defy-gri-erkek-kosu-ayakkabisi-102237301,Kadın Spor Ayakkabı,InStreet,2026-05-11T18:53:44
Nike W  V5 RNR Beyaz Kadın Sneaker,InStreet,4699.0,4699.0,0.0,https://www.instreet.com.tr/urun/nike-w-nike-v5-rnr-beyaz-kadin-sneaker-102237318,Kadın Spor Ayakkabı,InStreet,2026-05-11T18:53:44
Nike Cosmic Runner Bej Unisex Koşu Ayakkabısı,InStreet,2799.0,2799.0,0.0,https://www.instreet.com.tr/urun/nike-nike-cosmic-runner-bej-unisex-kosu-ayakkabisi-102675452,Erkek Spor Ayakkabı,InStreet,2026-05-11T18:54:12
Puma FLYER RUNNER Beyaz Kadın Koşu Ayakkabısı,InStreet,3300.0,3300.0,0.0,https://www.instreet.com.tr/urun/puma-flyer-runner-beyaz-kadin-kosu-ayakkabisi-102236358,Erkek Spor Ayakkabı,InStreet,2026-05-11T18:54:12
Nike COURT BOROUGH LOW RECRAFT Beyaz Unisex Sneaker,InStreet,3499.0,3499.0,0.0,https://www.instreet.com.tr/urun/nike-court-borough-low-recraft-beyaz-unisex-sneaker-101792825,Erkek Spor Ayakkabı,InStreet,2026-05-11T18:54:12
Nike WMNS  INITIATOR Beyaz Kadın Sneaker,InStreet,4399.0,4399.0,0.0,https://www.instreet.com.tr/urun/nike-wmns-nike-initiator-beyaz-kadin-sneaker-101903292,Erkek Spor Ayakkabı,InStreet,2026-05-11T18:54:12
Vans Brooklyn LS Siyah Kadın Sneaker,InStreet,2999.0,2999.0,0.0,https://www.instreet.com.tr/urun/vans-brooklyn-ls-siyah-kadin-sneaker-102256723,Erkek Spor Ayakkabı,InStreet,2026-05-11T18:54:12
Nike AIR MONARCH IV Beyaz Erkek Sneaker,InStreet,4099.0,4099.0,0.0,https://www.instreet.com.tr/urun/nike-air-monarch-iv-beyaz-erkek-sneaker-100320223,Erkek Spor Ayakkabı,InStreet,2026-05-11T18:54:12
Nike COURT VISION LO NN Beyaz Erkek Sneaker,InStreet,4399.0,4399.0,0.0,https://www.instreet.com.tr/urun/nike-nike-court-vision-lo-nn-beyaz-erkek-sneaker-101118438,Erkek Spor Ayakkabı,InStreet,2026-05-11T18:54:12
adidas VL COURT BASE Beyaz Kadın Sneaker,InStreet,3299.0,3299.0,0.0,https://www.instreet.com.tr/urun/adidas-vl-court-base-beyaz-kadin-sneaker-101909425,Erkek Spor Ayakkabı,InStreet,2026-05-11T18:54:12
Nike Cosmic Runner Siyah Unisex Koşu Ayakkabısı,InStreet,2799.0,2799.0,0.0,https://www.instreet.com.tr/urun/nike-nike-cosmic-runner-siyah-unisex-kosu-ayakkabisi-102090821,Erkek Spor Ayakkabı,InStreet,2026-05-11T18:54:12
Nike WMNS  INITIATOR Bej Kadın Sneaker,InStreet,4399.0,4399.0,0.0,https://www.instreet.com.tr/urun/nike-wmns-nike-initiator-bej-kadin-sneaker-102237368,Erkek Spor Ayakkabı,InStreet,2026-05-11T18:54:12
Nike AIR MONARCH IV Beyaz Erkek Sneaker,InStreet,4099.0,4099.0,0.0,https://www.instreet.com.tr/urun/nike-air-monarch-iv-beyaz-erkek-sneaker-100343347,Erkek Spor Ayakkabı,InStreet,2026-05-11T18:54:12
Nike WMNS  INITIATOR Beyaz Kadın Sneaker,InStreet,4399.0,4399.0,0.0,https://www.instreet.com.tr/urun/nike-wmns-nike-initiator-beyaz-kadin-sneaker-102264697,Erkek Spor Ayakkabı,InStreet,2026-05-11T18:54:12
Nike COURT BOROUGH LOW RECRAFT Beyaz Unisex Sneaker,InStreet,3499.0,3499.0,0.0,https://www.instreet.com.tr/urun/nike-court-borough-low-recraft-beyaz-unisex-sneaker-101792764,Erkek Spor Ayakkabı,InStreet,2026-05-11T18:54:12
Nike WMNS  INITIATOR KIRIK BEYAZ Kadın Sneaker,InStreet,4399.0,4399.0,0.0,https://www.instreet.com.tr/urun/nike-wmns-nike-initiator-kirik-beyaz-kadin-sneaker-102688384,Erkek Spor Ayakkabı,InStreet,2026-05-11T18:54:12
Nike INITIATOR Beyaz Erkek Sneaker,InStreet,4399.0,4399.0,0.0,https://www.instreet.com.tr/urun/nike-nike-initiator-beyaz-erkek-sneaker-102237051,Erkek Spor Ayakkabı,InStreet,2026-05-11T18:54:12
Nike COURT VISION LO NN Beyaz Erkek Sneaker,InStreet,4399.0,4399.0,0.0,https://www.instreet.com.tr/urun/nike-nike-court-vision-lo-nn-beyaz-erkek-sneaker-101118394,Erkek Spor Ayakkabı,InStreet,2026-05-11T18:54:12
Puma 9-T Beyaz Kadın Sneaker,InStreet,3999.0,3999.0,0.0,https://www.instreet.com.tr/urun/puma-puma-9-t-beyaz-kadin-sneaker-102236353,Erkek Spor Ayakkabı,InStreet,2026-05-11T18:54:12
Nike V5 RNR Beyaz Erkek Sneaker,InStreet,4699.0,4699.0,0.0,https://www.instreet.com.tr/urun/nike-nike-v5-rnr-beyaz-erkek-sneaker-102688445,Erkek Spor Ayakkabı,InStreet,2026-05-11T18:54:12
Puma 9-T Beyaz Erkek Sneaker,InStreet,3999.0,3999.0,0.0,https://www.instreet.com.tr/urun/puma-puma-9-t-beyaz-erkek-sneaker-102236344,Erkek Spor Ayakkabı,InStreet,2026-05-11T18:54:12
Nike COURT BOROUGH LOW RECRAFT Beyaz Unisex Sneaker,InStreet,3499.0,3499.0,0.0,https://www.instreet.com.tr/urun/nike-court-borough-low-recraft-beyaz-unisex-sneaker-101853780,Erkek Spor Ayakkabı,InStreet,2026-05-11T18:54:12
Nike W  RUN DEFY Bej Kadın Koşu Ayakkabısı,InStreet,3299.0,3299.0,0.0,https://www.instreet.com.tr/urun/nike-w-nike-run-defy-bej-kadin-kosu-ayakkabisi-102265621,Erkek Spor Ayakkabı,InStreet,2026-05-11T18:54:12
Vans YT Atwood Siyah Kadın Sneaker,InStreet,2499.0,1799.0,28.0,https://www.instreet.com.tr/urun/vans-yt-atwood-siyah-kadin-sneaker-100787427,Erkek Spor Ayakkabı,InStreet,2026-05-11T18:54:12
Puma Smash v2 L Beyaz Erkek Sneaker,InStreet,3699.0,3699.0,0.0,https://www.instreet.com.tr/urun/puma-puma-smash-v2-l-beyaz-erkek-sneaker-100325849,Erkek Spor Ayakkabı,InStreet,2026-05-11T18:54:12
Nike RUN DEFY GRI Erkek Koşu Ayakkabısı,InStreet,3299.0,3299.0,0.0,https://www.instreet.com.tr/urun/nike-nike-run-defy-gri-erkek-kosu-ayakkabisi-102237301,Erkek Spor Ayakkabı,InStreet,2026-05-11T18:54:12
Nike W  V5 RNR Beyaz Kadın Sneaker,InStreet,4699.0,4699.0,0.0,https://www.instreet.com.tr/urun/nike-w-nike-v5-rnr-beyaz-kadin-sneaker-102237318,Erkek Spor Ayakkabı,InStreet,2026-05-11T18:54:12
Nike Cosmic Runner Bej Unisex Koşu Ayakkabısı,InStreet,2799.0,2799.0,0.0,https://www.instreet.com.tr/urun/nike-nike-cosmic-runner-bej-unisex-kosu-ayakkabisi-102675452,Erkek Spor Ayakkabı,InStreet,2026-05-11T18:54:12
Puma FLYER RUNNER Beyaz Kadın Koşu Ayakkabısı,InStreet,3300.0,3300.0,0.0,https://www.instreet.com.tr/urun/puma-flyer-runner-beyaz-kadin-kosu-ayakkabisi-102236358,Erkek Spor Ayakkabı,InStreet,2026-05-11T18:54:12
Nike COURT BOROUGH LOW RECRAFT Beyaz Unisex Sneaker,InStreet,3499.0,3499.0,0.0,https://www.instreet.com.tr/urun/nike-court-borough-low-recraft-beyaz-unisex-sneaker-101792825,Erkek Spor Ayakkabı,InStreet,2026-05-11T18:54:12
Nike WMNS  INITIATOR Beyaz Kadın Sneaker,InStreet,4399.0,4399.0,0.0,https://www.instreet.com.tr/urun/nike-wmns-nike-initiator-beyaz-kadin-sneaker-101903292,Erkek Spor Ayakkabı,InStreet,2026-05-11T18:54:12
Vans Brooklyn LS Siyah Kadın Sneaker,InStreet,2999.0,2999.0,0.0,https://www.instreet.com.tr/urun/vans-brooklyn-ls-siyah-kadin-sneaker-102256723,Erkek Spor Ayakkabı,InStreet,2026-05-11T18:54:12
Nike AIR MONARCH IV Beyaz Erkek Sneaker,InStreet,4099.0,4099.0,0.0,https://www.instreet.com.tr/urun/nike-air-monarch-iv-beyaz-erkek-sneaker-100320223,Erkek Spor Ayakkabı,InStreet,2026-05-11T18:54:12
Nike COURT VISION LO NN Beyaz Erkek Sneaker,InStreet,4399.0,4399.0,0.0,https://www.instreet.com.tr/urun/nike-nike-court-vision-lo-nn-beyaz-erkek-sneaker-101118438,Erkek Spor Ayakkabı,InStreet,2026-05-11T18:54:12
adidas VL COURT BASE Beyaz Kadın Sneaker,InStreet,3299.0,3299.0,0.0,https://www.instreet.com.tr/urun/adidas-vl-court-base-beyaz-kadin-sneaker-101909425,Erkek Spor Ayakkabı,InStreet,2026-05-11T18:54:12
Nike Cosmic Runner Siyah Unisex Koşu Ayakkabısı,InStreet,2799.0,2799.0,0.0,https://www.instreet.com.tr/urun/nike-nike-cosmic-runner-siyah-unisex-kosu-ayakkabisi-102090821,Erkek Spor Ayakkabı,InStreet,2026-05-11T18:54:12
Nike WMNS  INITIATOR Bej Kadın Sneaker,InStreet,4399.0,4399.0,0.0,https://www.instreet.com.tr/urun/nike-wmns-nike-initiator-bej-kadin-sneaker-102237368,Erkek Spor Ayakkabı,InStreet,2026-05-11T18:54:12
Nike AIR MONARCH IV Beyaz Erkek Sneaker,InStreet,4099.0,4099.0,0.0,https://www.instreet.com.tr/urun/nike-air-monarch-iv-beyaz-erkek-sneaker-100343347,Erkek Spor Ayakkabı,InStreet,2026-05-11T18:54:12
Nike WMNS  INITIATOR Beyaz Kadın Sneaker,InStreet,4399.0,4399.0,0.0,https://www.instreet.com.tr/urun/nike-wmns-nike-initiator-beyaz-kadin-sneaker-102264697,Erkek Spor Ayakkabı,InStreet,2026-05-11T18:54:12
Nike COURT BOROUGH LOW RECRAFT Beyaz Unisex Sneaker,InStreet,3499.0,3499.0,0.0,https://www.instreet.com.tr/urun/nike-court-borough-low-recraft-beyaz-unisex-sneaker-101792764,Erkek Spor Ayakkabı,InStreet,2026-05-11T18:54:12
Nike WMNS  INITIATOR KIRIK BEYAZ Kadın Sneaker,InStreet,4399.0,4399.0,0.0,https://www.instreet.com.tr/urun/nike-wmns-nike-initiator-kirik-beyaz-kadin-sneaker-102688384,Erkek Spor Ayakkabı,InStreet,2026-05-11T18:54:12
Nike INITIATOR Beyaz Erkek Sneaker,InStreet,4399.0,4399.0,0.0,https://www.instreet.com.tr/urun/nike-nike-initiator-beyaz-erkek-sneaker-102237051,Erkek Spor Ayakkabı,InStreet,2026-05-11T18:54:12
Nike COURT VISION LO NN Beyaz Erkek Sneaker,InStreet,4399.0,4399.0,0.0,https://www.instreet.com.tr/urun/nike-nike-court-vision-lo-nn-beyaz-erkek-sneaker-101118394,Erkek Spor Ayakkabı,InStreet,2026-05-11T18:54:12
Puma 9-T Beyaz Kadın Sneaker,InStreet,3999.0,3999.0,0.0,https://www.instreet.com.tr/urun/puma-puma-9-t-beyaz-kadin-sneaker-102236353,Erkek Spor Ayakkabı,InStreet,2026-05-11T18:54:12
Nike V5 RNR Beyaz Erkek Sneaker,InStreet,4699.0,4699.0,0.0,https://www.instreet.com.tr/urun/nike-nike-v5-rnr-beyaz-erkek-sneaker-102688445,Erkek Spor Ayakkabı,InStreet,2026-05-11T18:54:12
Puma 9-T Beyaz Erkek Sneaker,InStreet,3999.0,3999.0,0.0,https://www.instreet.com.tr/urun/puma-puma-9-t-beyaz-erkek-sneaker-102236344,Erkek Spor Ayakkabı,InStreet,2026-05-11T18:54:12
Nike COURT BOROUGH LOW RECRAFT Beyaz Unisex Sneaker,InStreet,3499.0,3499.0,0.0,https://www.instreet.com.tr/urun/nike-court-borough-low-recraft-beyaz-unisex-sneaker-101853780,Erkek Spor Ayakkabı,InStreet,2026-05-11T18:54:12
Nike W  RUN DEFY Bej Kadın Koşu Ayakkabısı,InStreet,3299.0,3299.0,0.0,https://www.instreet.com.tr/urun/nike-w-nike-run-defy-bej-kadin-kosu-ayakkabisi-102265621,Erkek Spor Ayakkabı,InStreet,2026-05-11T18:54:12
Vans YT Atwood Siyah Kadın Sneaker,InStreet,2499.0,1799.0,28.0,https://www.instreet.com.tr/urun/vans-yt-atwood-siyah-kadin-sneaker-100787427,Erkek Spor Ayakkabı,InStreet,2026-05-11T18:54:12
Puma Smash v2 L Beyaz Erkek Sneaker,InStreet,3699.0,3699.0,0.0,https://www.instreet.com.tr/urun/puma-puma-smash-v2-l-beyaz-erkek-sneaker-100325849,Erkek Spor Ayakkabı,InStreet,2026-05-11T18:54:12
Nike RUN DEFY GRI Erkek Koşu Ayakkabısı,InStreet,3299.0,3299.0,0.0,https://www.instreet.com.tr/urun/nike-nike-run-defy-gri-erkek-kosu-ayakkabisi-102237301,Erkek Spor Ayakkabı,InStreet,2026-05-11T18:54:12
Nike W  V5 RNR Beyaz Kadın Sneaker,InStreet,4699.0,4699.0,0.0,https://www.instreet.com.tr/urun/nike-w-nike-v5-rnr-beyaz-kadin-sneaker-102237318,Erkek Spor Ayakkabı,InStreet,2026-05-11T18:54:12
Nike Cosmic Runner Bej Unisex Koşu Ayakkabısı,InStreet,2799.0,2799.0,0.0,https://www.instreet.com.tr/urun/nike-nike-cosmic-runner-bej-unisex-kosu-ayakkabisi-102675452,Erkek Spor Ayakkabı,InStreet,2026-05-11T18:54:12
Puma FLYER RUNNER Beyaz Kadın Koşu Ayakkabısı,InStreet,3300.0,3300.0,0.0,https://www.instreet.com.tr/urun/puma-flyer-runner-beyaz-kadin-kosu-ayakkabisi-102236358,Erkek Spor Ayakkabı,InStreet,2026-05-11T18:54:12
Nike COURT BOROUGH LOW RECRAFT Beyaz Unisex Sneaker,InStreet,3499.0,3499.0,0.0,https://www.instreet.com.tr/urun/nike-court-borough-low-recraft-beyaz-unisex-sneaker-101792825,Erkek Spor Ayakkabı,InStreet,2026-05-11T18:54:12
Nike WMNS  INITIATOR Beyaz Kadın Sneaker,InStreet,4399.0,4399.0,0.0,https://www.instreet.com.tr/urun/nike-wmns-nike-initiator-beyaz-kadin-sneaker-101903292,Erkek Spor Ayakkabı,InStreet,2026-05-11T18:54:12
Vans Brooklyn LS Siyah Kadın Sneaker,InStreet,2999.0,2999.0,0.0,https://www.instreet.com.tr/urun/vans-brooklyn-ls-siyah-kadin-sneaker-102256723,Erkek Spor Ayakkabı,InStreet,2026-05-11T18:54:12
Nike AIR MONARCH IV Beyaz Erkek Sneaker,InStreet,4099.0,4099.0,0.0,https://www.instreet.com.tr/urun/nike-air-monarch-iv-beyaz-erkek-sneaker-100320223,Erkek Spor Ayakkabı,InStreet,2026-05-11T18:54:12
Nike COURT VISION LO NN Beyaz Erkek Sneaker,InStreet,4399.0,4399.0,0.0,https://www.instreet.com.tr/urun/nike-nike-court-vision-lo-nn-beyaz-erkek-sneaker-101118438,Erkek Spor Ayakkabı,InStreet,2026-05-11T18:54:12
adidas VL COURT BASE Beyaz Kadın Sneaker,InStreet,3299.0,3299.0,0.0,https://www.instreet.com.tr/urun/adidas-vl-court-base-beyaz-kadin-sneaker-101909425,Erkek Spor Ayakkabı,InStreet,2026-05-11T18:54:12
Nike Cosmic Runner Siyah Unisex Koşu Ayakkabısı,InStreet,2799.0,2799.0,0.0,https://www.instreet.com.tr/urun/nike-nike-cosmic-runner-siyah-unisex-kosu-ayakkabisi-102090821,Erkek Spor Ayakkabı,InStreet,2026-05-11T18:54:12
Nike WMNS  INITIATOR Bej Kadın Sneaker,InStreet,4399.0,4399.0,0.0,https://www.instreet.com.tr/urun/nike-wmns-nike-initiator-bej-kadin-sneaker-102237368,Erkek Spor Ayakkabı,InStreet,2026-05-11T18:54:12
Nike AIR MONARCH IV Beyaz Erkek Sneaker,InStreet,4099.0,4099.0,0.0,https://www.instreet.com.tr/urun/nike-air-monarch-iv-beyaz-erkek-sneaker-100343347,Erkek Spor Ayakkabı,InStreet,2026-05-11T18:54:12
Nike WMNS  INITIATOR Beyaz Kadın Sneaker,InStreet,4399.0,4399.0,0.0,https://www.instreet.com.tr/urun/nike-wmns-nike-initiator-beyaz-kadin-sneaker-102264697,Erkek Spor Ayakkabı,InStreet,2026-05-11T18:54:12
Nike COURT BOROUGH LOW RECRAFT Beyaz Unisex Sneaker,InStreet,3499.0,3499.0,0.0,https://www.instreet.com.tr/urun/nike-court-borough-low-recraft-beyaz-unisex-sneaker-101792764,Erkek Spor Ayakkabı,InStreet,2026-05-11T18:54:12
Nike WMNS  INITIATOR KIRIK BEYAZ Kadın Sneaker,InStreet,4399.0,4399.0,0.0,https://www.instreet.com.tr/urun/nike-wmns-nike-initiator-kirik-beyaz-kadin-sneaker-102688384,Erkek Spor Ayakkabı,InStreet,2026-05-11T18:54:12
Nike INITIATOR Beyaz Erkek Sneaker,InStreet,4399.0,4399.0,0.0,https://www.instreet.com.tr/urun/nike-nike-initiator-beyaz-erkek-sneaker-102237051,Erkek Spor Ayakkabı,InStreet,2026-05-11T18:54:12
Nike COURT VISION LO NN Beyaz Erkek Sneaker,InStreet,4399.0,4399.0,0.0,https://www.instreet.com.tr/urun/nike-nike-court-vision-lo-nn-beyaz-erkek-sneaker-101118394,Erkek Spor Ayakkabı,InStreet,2026-05-11T18:54:12
Puma 9-T Beyaz Kadın Sneaker,InStreet,3999.0,3999.0,0.0,https://www.instreet.com.tr/urun/puma-puma-9-t-beyaz-kadin-sneaker-102236353,Erkek Spor Ayakkabı,InStreet,2026-05-11T18:54:12
Nike V5 RNR Beyaz Erkek Sneaker,InStreet,4699.0,4699.0,0.0,https://www.instreet.com.tr/urun/nike-nike-v5-rnr-beyaz-erkek-sneaker-102688445,Erkek Spor Ayakkabı,InStreet,2026-05-11T18:54:12
Puma 9-T Beyaz Erkek Sneaker,InStreet,3999.0,3999.0,0.0,https://www.instreet.com.tr/urun/puma-puma-9-t-beyaz-erkek-sneaker-102236344,Erkek Spor Ayakkabı,InStreet,2026-05-11T18:54:12
Nike COURT BOROUGH LOW RECRAFT Beyaz Unisex Sneaker,InStreet,3499.0,3499.0,0.0,https://www.instreet.com.tr/urun/nike-court-borough-low-recraft-beyaz-unisex-sneaker-101853780,Erkek Spor Ayakkabı,InStreet,2026-05-11T18:54:12
Nike W  RUN DEFY Bej Kadın Koşu Ayakkabısı,InStreet,3299.0,3299.0,0.0,https://www.instreet.com.tr/urun/nike-w-nike-run-defy-bej-kadin-kosu-ayakkabisi-102265621,Erkek Spor Ayakkabı,InStreet,2026-05-11T18:54:12
Vans YT Atwood Siyah Kadın Sneaker,InStreet,2499.0,1799.0,28.0,https://www.instreet.com.tr/urun/vans-yt-atwood-siyah-kadin-sneaker-100787427,Erkek Spor Ayakkabı,InStreet,2026-05-11T18:54:12
Puma Smash v2 L Beyaz Erkek Sneaker,InStreet,3699.0,3699.0,0.0,https://www.instreet.com.tr/urun/puma-puma-smash-v2-l-beyaz-erkek-sneaker-100325849,Erkek Spor Ayakkabı,InStreet,2026-05-11T18:54:12
Nike RUN DEFY GRI Erkek Koşu Ayakkabısı,InStreet,3299.0,3299.0,0.0,https://www.instreet.com.tr/urun/nike-nike-run-defy-gri-erkek-kosu-ayakkabisi-102237301,Erkek Spor Ayakkabı,InStreet,2026-05-11T18:54:12
Nike W  V5 RNR Beyaz Kadın Sneaker,InStreet,4699.0,4699.0,0.0,https://www.instreet.com.tr/urun/nike-w-nike-v5-rnr-beyaz-kadin-sneaker-102237318,Erkek Spor Ayakkabı,InStreet,2026-05-11T18:54:12
